{
  "train_losses": [
    0.6547963799287876,
    0.6394189385076364
  ],
  "val_losses": [
    0.6528516858816147,
    0.6267865349849066
  ],
  "train_accuracies": [
    60.60606060606061,
    61.923583662714094
  ],
  "val_accuracies": [
    60.526315789473685,
    65.78947368421052
  ],
  "best_epoch": 2,
  "best_val_loss": 0.6267865349849066,
  "best_val_accuracy": 65.78947368421052
}