{
  "train_losses": [
    0.7986361136039098,
    0.7166588523735603
  ],
  "val_losses": [
    0.7648103982210159,
    0.6893523881832758
  ],
  "train_accuracies": [
    49.473684210526315,
    54.078947368421055
  ],
  "val_accuracies": [
    52.38095238095238,
    58.2010582010582
  ],
  "best_epoch": 2,
  "best_val_loss": 0.6893523881832758,
  "best_val_accuracy": 58.2010582010582
}