{
  "train_losses": [
    0.652324960877498,
    0.6031978459407886
  ],
  "val_losses": [
    0.5396335845192274,
    0.5070035656293234
  ],
  "train_accuracies": [
    60.21080368906456,
    66.53491436100131
  ],
  "val_accuracies": [
    71.57894736842105,
    77.89473684210526
  ],
  "best_epoch": 2,
  "best_val_loss": 0.5070035656293234,
  "best_val_accuracy": 77.89473684210526
}