{
  "train_losses": [
    0.7772457239528497,
    0.7397550021608671
  ],
  "val_losses": [
    0.7523902952671051,
    0.7473371004064878
  ],
  "train_accuracies": [
    50.06587615283267,
    49.93412384716733
  ],
  "val_accuracies": [
    54.21052631578947,
    51.578947368421055
  ],
  "best_epoch": 2,
  "best_val_loss": 0.7473371004064878,
  "best_val_accuracy": 51.578947368421055
}