{
  "train_losses": [
    0.5584158108880123,
    0.5372343795994917
  ],
  "val_losses": [
    0.5524763042728106,
    0.5300872152050337
  ],
  "train_accuracies": [
    75.6258234519104,
    79.05138339920948
  ],
  "val_accuracies": [
    76.3157894736842,
    81.57894736842105
  ],
  "best_epoch": 2,
  "best_val_loss": 0.5300872152050337,
  "best_val_accuracy": 81.57894736842105
}