{
  "train_losses": [
    0.7060991612573465,
    0.6869104964037737
  ],
  "val_losses": [
    0.6854014148314794,
    0.6466787656148275
  ],
  "train_accuracies": [
    54.1501976284585,
    56.91699604743083
  ],
  "val_accuracies": [
    57.89473684210526,
    62.63157894736842
  ],
  "best_epoch": 2,
  "best_val_loss": 0.6466787656148275,
  "best_val_accuracy": 62.63157894736842
}