{
  "train_losses": [
    0.7722601443529129,
    0.7429595105350018
  ],
  "val_losses": [
    0.7661278595527014,
    0.7374346355597178
  ],
  "train_accuracies": [
    42.81949934123847,
    46.640316205533594
  ],
  "val_accuracies": [
    47.89473684210526,
    52.10526315789474
  ],
  "best_epoch": 2,
  "best_val_loss": 0.7374346355597178,
  "best_val_accuracy": 52.10526315789474
}