{
  "train_losses": [
    0.7925900345047315,
    0.7644739064077536
  ],
  "val_losses": [
    0.7291548848152161,
    0.7058036923408508
  ],
  "train_accuracies": [
    39.78919631093544,
    43.61001317523057
  ],
  "val_accuracies": [
    50.0,
    52.10526315789474
  ],
  "best_epoch": 2,
  "best_val_loss": 0.7058036923408508,
  "best_val_accuracy": 52.10526315789474
}