{
  "train_losses": [
    0.6683433540165424,
    0.6496761540571848
  ],
  "val_losses": [
    0.6730189919471741,
    0.6630213260650635
  ],
  "train_accuracies": [
    58.49802371541502,
    60.73781291172595
  ],
  "val_accuracies": [
    57.89473684210526,
    60.526315789473685
  ],
  "best_epoch": 2,
  "best_val_loss": 0.6630213260650635,
  "best_val_accuracy": 60.526315789473685
}